,Suku_Bunga_AS,Inflasi_AS,Pengangguran_AS,PPI_AS,Retail_Sales,Industrial_Production,Housing_Starts,Money_Supply_M2,Indeks_Dolar,Emas_USD,Perak_USD,Minyak_WTI,SP500,Dow_Jones,Nasdaq,USD_IDR,Bitcoin,Ethereum,BNB,Solana,Dogecoin,Cardano,Stellar_Lumens
2018-01,1.41,248.859,4.0,197.9,423202.0,101.4625,1299.0,13882.9,108.38098709677419,1331.8258096018146,17.12632253093104,63.61322599841702,2790.0983965473793,25809.243636592742,7277.966418850807,13378.41935483871,,,,,,,
2018-02,1.42,249.529,4.1,199.3,425507.0,101.7085,1277.0,13919.0,107.59164285714284,1331.4535478864398,16.532821314675466,62.247499874659944,2709.020342145647,25012.543038504464,7167.77685546875,13572.035714285714,,,,,,,
2018-03,1.51,249.577,4.0,199.3,425087.0,102.2067,1318.0,13975.8,108.02381612903226,1324.606468939012,16.388290282218687,62.939032400808024,2699.2313114289313,24552.8650453629,7298.555538054436,13752.064516129032,,,,,,,
2018-04,1.69,250.227,4.0,200.3,425899.0,103.3329,1276.0,13993.7,107.96762,1334.4133463541666,16.59806683858236,66.32099965413411,2652.2879720052083,24287.5212890625,7080.1939453125,13798.519986979167,,,,,,,
2018-05,1.7,250.792,3.8,203.2,432340.0,102.4024,1357.0,14049.4,111.0405870967742,1303.5903123424898,16.43951625208701,69.892579601657,2703.389341292843,24595.887663810485,7345.175166960686,14070.990297379032,,,,,,,
2018-06,1.82,251.018,4.0,204.2,430008.0,103.198,1192.0,14109.7,112.80387999999999,1280.0533325195313,16.476133346557617,67.2769994099935,2755.205354817708,24803.663606770835,7644.542936197917,14000.606705729168,,,,,,,
2018-07,1.91,251.214,3.8,204.3,432070.0,103.3646,1208.0,14143.9,113.04905806451613,1237.1419441469254,15.686612867539928,70.91709752236643,2789.0858429939517,24934.168661794356,7743.583590599798,14413.796748991936,,,,,,,
2018-08,1.91,251.663,3.8,203.4,432031.0,104.0327,1288.0,14193.6,113.83845806451613,1200.4870959866432,14.945354861597862,67.8045164538968,2855.7022508190526,25611.629410282258,7882.200935609879,14554.422536542339,,,,,,,
2018-09,1.95,252.182,3.7,203.6,431438.0,104.1004,1250.0,14229.1,114.07459666666666,1196.363330078125,14.226733366648356,70.0850003560384,2902.4563151041666,26228.706380208332,7996.77470703125,14852.013313802083,,,,,,,
2018-10,2.19,252.772,3.8,204.6,435894.0,103.9856,1221.0,14241.1,114.81721290322581,1215.3387096774193,14.528935586252521,70.71645109115109,2781.4203156502017,25575.943422379034,7513.744833669355,15243.045173891129,,,,,,,
2018-11,2.2,252.594,3.8,202.3,438612.0,104.0681,1181.0,14260.5,116.16496000000001,1219.6000122070313,14.319766521453857,56.85366605122884,2719.4530029296875,25227.182421875,7227.714697265625,14714.733365885417,,,,,,,
2018-12,2.27,252.767,3.9,201.0,428932.0,104.0936,1095.0,14382.3,116.21579032258065,1251.3516176285282,14.681387009159211,48.83451683290543,2568.4232453377017,23812.774445564515,6808.993920110887,14519.248330393146,,,,,,,
2019-01,2.4,252.561,4.0,199.1,430246.0,103.4021,1226.0,14445.7,114.45647096774194,1289.183869392641,15.569032146084693,51.479032085787864,2608.3899949596776,24164.284652217742,6981.617392263105,14186.187153477822,,,,,,,
2019-02,2.4,253.319,3.8,199.2,431194.0,102.8371,1121.0,14480.8,114.42734285714286,1318.7285635811943,15.776107004710607,55.067142486572266,2752.977852957589,25591.38650948661,7420.28288922991,14028.953578404018,,,,,,,
2019-03,2.41,254.277,3.8,200.8,438196.0,102.8757,1191.0,14525.9,114.80704516129032,1298.9903406943045,15.210354928047426,58.086128973191784,2802.9793346774195,25731.867880544356,7624.023201234879,14215.141916582661,,,,,,,
2019-04,2.42,255.233,3.7,202.1,437735.0,102.274,1272.0,14554.2,114.89470666666666,1284.2666748046875,14.972366682688396,63.79433352152507,2905.831640625,26429.099479166667,8000.867317708334,14149.116666666667,,,,,,,
2019-05,2.39,255.296,3.6,201.7,442514.0,102.392,1293.0,14652.0,115.92857096774193,1282.6451494770665,14.597935430465206,60.89193528698337,2859.8338662424394,25792.42105594758,7819.726704259073,14393.370967741936,,,,,,,
2019-06,2.38,255.213,3.6,200.3,442116.0,102.4375,1243.0,14771.0,115.47150333333335,1359.3133178710937,14.976066652933756,54.86433359781901,2887.083992513021,26120.579231770833,7818.963362630208,14249.316666666668,,,,,,,
2019-07,2.4,255.802,3.7,200.7,445304.0,101.9408,1240.0,14853.1,115.06907741935484,1413.2451526272682,15.68809712317682,57.49870977094096,2997.5361406880043,27100.95810231855,8208.343891759072,14073.37099924395,,,,,,,
2019-08,2.13,256.036,3.6,199.2,448519.0,102.639,1375.0,14934.3,117.04614193548387,1500.8548347719254,17.12816127654045,54.8409672398721,2898.172575919859,26072.516633064515,7910.495211693548,14262.454794606854,,,,,,,
2019-09,2.04,256.43,3.5,198.4,444555.0,102.2917,1311.0,15031.0,117.34825333333333,1506.4533284505208,17.96576697031657,56.67599983215332,2979.198665364583,26878.5146484375,8078.463948567708,14136.629947916666,8459.47,176.245,16.172875,,,0.038450000000000005,0.058513333333333334
2019-10,1.83,257.155,3.6,198.6,445627.0,101.4281,1325.0,15166.9,116.72327741935484,1493.5419173702116,17.589032450029926,54.13000032978673,2978.9867612777216,26747.854460685485,8082.830377394153,14138.287109375,8370.686451612903,178.29483870967744,17.700609677419354,,0.0026199714285714284,0.040054193548387095,0.06220322580645161
2019-11,1.55,257.879,3.6,199.0,449040.0,101.9372,1353.0,15276.4,116.53697333333334,1470.6133422851562,17.114133644104005,57.0846669514974,3105.8059895833335,27799.151692708332,8518.90126953125,14028.147265625,8337.460666666668,172.732,18.666543333333333,,0.0025266433333333334,0.04145566666666667,0.068285
2019-12,1.55,258.63,3.6,199.0,449643.0,101.7003,1548.0,15347.6,115.9156806451613,1480.9354759954638,17.130677623133504,59.84000002953314,3181.548371345766,28212.114919354837,8794.024540070564,13985.122385332661,7247.122258064516,137.29709677419356,14.242254838709679,,0.0021008387096774195,0.03542870967741935,0.04969516129032258
2020-01,1.55,259.127,3.6,199.3,447774.0,101.0338,1581.0,15416.3,115.22348709677419,1558.3903257308468,17.93970981720955,57.97871005150579,3279.1367975050402,28901.915511592742,9228.034211189517,13694.027784778225,8382.843870967741,156.57193548387096,16.267783870967744,,0.002260103225806452,0.041902258064516126,0.054133870967741936
2020-02,1.58,259.25,3.5,196.7,447972.0,101.3735,1549.0,15466.6,116.65421379310345,1593.831021012931,17.80475872960584,50.749310197501345,3280.8837638065734,28557.944773706895,9421.211712015087,13757.706660829741,9635.755517241378,238.81413793103448,21.91513103448276,,0.0026889655172413793,0.05901241379310345,0.06998275862068966
2020-03,0.65,258.076,4.4,193.1,420954.0,97.4078,1266.0,15993.4,120.9452870967742,1588.2322643649193,14.872516232152138,30.595483779907227,2656.98193359375,22682.417212701614,7781.312846522177,15145.558215725807,6865.993225806452,160.08645161290323,14.063335483870967,,0.0019480451612903227,0.0345741935483871,0.04490354838709677
2020-04,0.05,256.032,14.8,185.5,370296.0,84.5619,936.0,17005.4,123.32163,1696.5333129882813,15.23149995803833,18.2020001411438,2759.0279947916665,23282.352734375,8263.892317708332,15806.602571614583,7213.704666666667,171.17133333333334,15.169073333333333,,0.00204306,0.037010666666666664,0.052457666666666666
2020-05,0.05,255.802,13.2,188.6,437957.0,85.9604,1039.0,17852.9,122.58053548387096,1721.5161408455142,16.652000027318156,28.683225939350745,2922.4374054939517,24292.35439768145,9114.460622479839,14918.205456149193,9253.851612903227,207.44258064516129,16.56968064516129,,0.002516961290322581,0.05420548387096774,0.06925290322580645
2020-06,0.08,257.042,11.0,191.2,465800.0,91.5934,1266.0,18140.6,119.71938333333333,1734.603340657552,17.824933497111,38.36666641235352,3099.5533528645833,26019.233528645833,9823.0609375,14197.64521484375,9480.629333333334,235.88333333333333,16.548363333333334,,0.00248387,0.08174166666666666,0.07268133333333333
2020-07,0.09,258.352,10.2,193.0,471873.0,95.0256,1526.0,18297.7,118.84772903225806,1838.8870967741937,20.554419179116525,40.76322604763892,3200.2725790700606,26335.633505544356,10470.564201108871,14510.645570816532,9591.91806451613,259.5551612903226,17.812287096774195,,0.0031805,0.12345483870967743,0.0897983870967742
2020-08,0.1,259.316,8.4,194.3,473696.0,95.9549,1396.0,18364.1,116.96013225806452,1964.8128937752017,26.857161491147934,42.186129047024636,3387.959701045867,27774.28232106855,11194.324502268146,14610.202400453629,11638.867741935484,401.6587096774194,22.495664516129033,,0.003429141935483871,0.13169741935483872,0.10321129032258064
2020-09,0.09,259.997,7.8,195.5,482702.0,95.9669,1473.0,18596.4,116.33348666666667,1919.7566650390625,25.841233444213866,39.62766672770182,3362.484326171875,27726.5099609375,11064.081608072916,14791.0337890625,10638.025,367.67600000000004,25.460806666666667,2.9846307692307694,0.00276829,0.09493866666666667,0.07792566666666666
2020-10,0.09,260.319,6.9,196.5,480763.0,96.7394,1543.0,18751.1,115.76201290322581,1900.8967718308973,24.338129289688602,39.443548140987275,3420.3509482106856,28033.454637096773,11426.978704637097,14715.357799899193,11884.362580645162,375.78322580645164,29.468254838709676,2.1400193548387096,0.0026190096774193544,0.10194193548387097,0.07778064516129032
2020-11,0.09,260.911,6.7,198.3,478079.0,97.0816,1543.0,18978.9,114.01003999999999,1866.1899983723958,24.120066769917806,41.27766698201497,3548.6806477864584,29093.630794270834,11815.530013020832,14190.123046875,16657.912,486.867,28.803449999999998,1.9736366666666667,0.00300537,0.12093366666666668,0.11083933333333333
2020-12,0.09,262.045,6.7,200.5,485949.0,98.363,1614.0,19133.0,111.90460967741936,1860.2258025138608,25.094580619565903,47.22741883800876,3695.160660282258,30153.410471270163,12620.28361265121,14101.761655745968,21979.48741935484,622.4241935483872,31.472219354838707,1.634909677419355,0.0038155451612903223,0.15818,0.1632490322580645
2021-01,0.09,262.639,6.4,204.8,501604.0,98.8822,1630.0,19359.5,111.50076129032259,1860.6419402091733,25.78500021657636,51.806452105122226,3787.579361454133,30774.937436995966,13156.042307207661,13991.424426663307,34715.88354838709,1200.9287096774194,41.75037741935484,3.294758064516129,0.012634648387096775,0.31312032258064515,0.26702161290322585
2021-02,0.08,263.573,6.2,210.6,488805.0,95.6149,1404.0,19596.5,112.0225642857143,1799.9821472167969,27.222642966679164,59.133928707667756,3885.6814400809153,31282.833844866072,13755.117745535714,13996.370500837054,46283.393214285716,1700.2099999999998,157.56536071428573,9.651539285714284,0.05600951428571428,0.8648882142857143,0.4312910714285714
2021-03,0.07,264.847,6.1,215.0,539607.0,98.3856,1696.0,19823.2,113.35908709677419,1720.3580637285786,25.665483720840946,62.65806431924143,3912.500992313508,32404.42830141129,13163.568863407258,14374.474388860886,54840.13387096774,1733.3477419354838,260.469364516129,14.837154838709678,0.054957609677419354,1.1663293548387097,0.4008225806451613
2021-04,0.07,266.625,6.1,217.9,542199.0,98.5587,1495.0,20161.5,112.70758666666667,1757.766670735677,25.657800038655598,61.643666966756186,4133.773014322916,33780.60546875,13876.273600260416,14573.87666015625,57060.969000000005,2293.0733333333333,488.8403333333333,31.314919999999997,0.18970241333333335,1.2560443333333333,0.5142083333333333
2021-05,0.06,268.404,5.8,224.9,536589.0,99.4333,1589.0,20430.5,111.21034516129032,1849.8838756930443,27.475129158266128,65.06322614608273,4176.009041078629,34305.796244959674,13576.85751638105,14338.425749747983,46417.20290322581,3138.570322580645,494.4538903225806,39.886509677419355,0.43961354838709676,1.6537070967741934,0.5368177419354838
2021-06,0.08,270.71,5.9,228.9,540152.0,99.7987,1650.0,20472.9,111.62483,1832.4700113932292,27.040500132242837,71.40666834513347,4236.524365234375,34276.59231770833,14089.569303385417,14378.730013020833,35833.03233333333,2333.572333333333,339.61474,35.712286666666664,0.3035684066666667,1.478366,0.31879266666666667
2021-07,0.1,271.965,5.4,231.85,528600.0,100.2519,1597.0,20628.1,113.01735806451613,1804.1225782825102,25.777742139754757,72.81774213237148,4364.749936995968,34816.4044858871,14643.338741179436,14549.293598790322,34428.93516129032,2130.172258064516,306.0554548387097,30.399474193548386,0.20684636129032258,1.2809416129032258,0.26106129032258063
2021-08,0.09,272.752,5.1,233.415,532477.0,100.0437,1594.0,20811.0,113.42768387096775,1785.590308404738,23.972774013396233,67.71483821253622,4454.633237777218,35254.91154233871,14855.539030997983,14410.387096774193,45674.60322580645,3097.4954838709677,412.0168838709677,60.74713548387097,0.2726618322580645,2.113428387096774,0.3347574193548387
2021-09,0.08,273.942,4.7,235.678,536651.0,98.8579,1577.0,20979.1,113.36163666666667,1778.7999959309896,23.27043317159017,71.38833389282226,4455.226692708334,34751.510416666664,15066.639615885417,14269.66337890625,45934.108,3336.0223333333333,409.18757999999997,151.21496666666664,0.24210857666666669,2.4327533333333333,0.31892433333333337
2021-10,0.08,276.528,4.5,240.465,545361.0,100.1861,1579.0,21142.1,114.12895161290322,1774.9193469632057,23.399677461193455,81.14064518097908,4464.997038810484,35093.35408266129,14894.309633316532,14194.82576234879,57896.11838709677,3817.396129032258,462.9473967741936,172.4775258064516,0.24708903225806453,2.151653548387097,0.35511483870967747
2021-11,0.08,278.824,4.2,243.287,551082.0,100.8654,1705.0,21316.7,115.04200333333333,1821.1733276367188,24.205666796366373,78.0913330078125,4668.749983723958,35816.11731770833,15824.070735677084,14289.41005859375,60670.59166666667,4441.220666666666,603.72442,223.61330666666666,0.24307343333333334,1.8848593333333334,0.35700266666666663
2021-12,0.08,280.806,3.9,241.338,547277.0,100.5726,1722.0,21471.0,115.78629677419354,1792.7096695438509,22.50712893086095,71.48806516585812,4669.824250252016,35606.25919858871,15457.06794984879,14323.44197328629,49290.73903225806,4045.794516129032,552.2794870967741,185.34432258064516,0.17798987419354836,1.364528064516129,0.27979677419354837
2022-01,0.08,282.542,4.0,246.453,560257.0,100.1856,1702.0,21587.3,115.04091612903225,1814.9903249432964,23.131580352783203,82.68322581629599,4580.995463709677,35483.223286290326,14566.113564768146,14339.983902469758,41093.308387096775,3052.798387096774,441.9289870967742,130.08017096774194,0.15596934516129032,1.2161087096774195,0.240491935483871
2022-02,0.08,284.525,3.8,252.66,563777.0,100.8064,1735.0,21684.8,115.00136785714287,1859.3107038225446,23.53060701915196,91.71999904087612,4426.352835518973,34583.277064732145,13853.128976004464,14359.646449497768,40737.25214285714,2866.683571428571,394.36705,98.970375,0.14143629642857142,1.02624,0.2062475
2022-03,0.2,287.467,3.7,260.014,574485.0,101.3907,1712.0,21721.3,116.32656129032257,1952.4225680443549,25.486129022413685,108.94354838709677,4389.607154107863,34033.366305443546,13605.671843497983,14338.577431955646,41942.79838709677,2876.3964516129035,397.26947741935487,93.15539032258066,0.12537735806451614,0.9388445161290322,0.19723451612903226
2022-04,0.33,288.582,3.7,265.31,580943.0,101.44,1820.0,21750.0,117.1106,1936.1333374023438,24.674533526102703,101.91833267211913,4391.581949869792,34311.07604166667,13396.490690104167,14384.293391927084,41404.299666666666,3094.8596666666663,415.55831333333333,107.67438,0.14175597666666667,0.9704336666666666,0.20091333333333333
2022-05,0.77,291.299,3.6,273.251,579844.0,101.3335,1531.0,21690.7,119.61240645161291,1848.0225908833165,21.856806416665354,110.04290254654423,4050.044858870968,32429.054057459678,11863.255166330646,14569.980626260081,31710.082258064518,2187.4461290322583,324.6823935483871,59.352667741935484,0.09786987096774194,0.5993690322580645,0.14330709677419354
2022-06,1.21,295.072,3.6,280.251,585556.0,101.018,1551.0,21642.9,120.05588666666668,1837.3033325195313,21.527699915568032,114.13733367919922,3891.489363606771,31387.7880859375,11403.769661458333,14677.079915364584,24385.726000000002,1382.5816666666665,249.84746666666666,36.26002666666667,0.06899027333333334,0.520385,0.12415666666666667
2022-07,1.68,294.94,3.5,272.274,579267.0,101.223,1381.0,21641.6,122.58564516129033,1737.3774217174898,19.039870908183435,100.14128998787173,3916.7580487651207,31572.254914314515,11627.781943044354,14972.516066028225,21529.96419354839,1358.7893548387096,248.94165161290323,38.48844516129033,0.06656258064516128,0.47598193548387097,0.11071709677419356
2022-08,2.33,295.162,3.6,269.546,581196.0,101.0963,1531.0,21606.7,122.3380193548387,1762.819351688508,19.587387146488314,91.4180639943769,4163.5454967867945,33042.88092237903,12587.72029359879,14820.380701864919,22352.31322580645,1699.1841935483872,302.75388709677424,38.37122258064516,0.06960691612903226,0.4961545161290322,0.11553064516129033
2022-09,2.56,296.421,3.5,267.898,579446.0,101.2918,1488.0,21521.0,125.36233333333332,1681.5566691080728,18.715233103434244,84.0576670328776,3863.3850260416666,30757.505013020833,11440.323665364584,14964.1365234375,19793.136,1483.6916666666666,277.9257533333333,32.943826666666666,0.061176416666666664,0.467013,0.11042266666666666
2022-10,3.08,297.979,3.6,265.061,585006.0,101.2529,1435.0,21424.4,127.51827096774193,1663.6451573525705,19.267838385797315,86.74290343253843,3715.2061413180445,30489.914188508064,10769.501291582661,15398.167779737903,19647.04806451613,1367.226129032258,282.1726806451613,31.18560322580645,0.06822656451612903,0.39236612903225804,0.11522387096774193
2022-11,3.78,298.708,3.6,263.157,576356.0,100.9552,1424.0,21358.1,124.79713666666666,1729.3100138346354,21.096033414204914,84.19666697184245,3926.8133626302083,33481.9595703125,11002.457356770834,15649.6533203125,17601.017,1298.0043333333333,297.65281,18.596983333333334,0.09549938666666667,0.34436966666666663,0.09461766666666667
2022-12,4.1,298.808,3.5,257.897,569119.0,99.7664,1308.0,21219.0,122.22045483870968,1797.2516144783267,23.393354538948305,76.65806431924143,3911.3174221900204,33469.03364415323,10836.194650957661,15566.58388986895,16942.052258064516,1236.5864516129031,263.48418387096774,12.480603225806453,0.08495418387096773,0.2838919354838709,0.07954064516129032
2023-01,4.33,300.456,3.5,260.227,591964.0,100.505,1361.0,21205.3,119.85016129032257,1897.7322486139112,23.780451805360855,78.48064521051222,3960.190366683468,33686.796244959674,11003.649036038307,15256.116147933468,20242.14774193548,1466.205806451613,287.8433064516129,19.84601935483871,0.0815229935483871,0.3346435483870968,0.0844458064516129
2023-02,4.57,301.476,3.6,258.669,586165.0,100.6416,1399.0,21184.5,120.38468214285714,1850.0607299804688,21.837892872946604,76.72249930245536,4076.615713936942,33643.61997767857,11768.50864955357,15125.103585379464,23291.518571428573,1624.0125,313.27678928571424,23.12795,0.08633369285714286,0.38417214285714285,0.0896175
2023-03,4.65,301.643,3.5,257.062,578812.0,101.0205,1377.0,20876.0,120.87277741935483,1913.5903202179938,21.918806383686682,73.29967794110698,3963.4380670362902,32449.03994455645,11619.930947580646,15295.84513608871,25076.131612903224,1672.9587096774194,308.7394516129032,20.621290322580645,0.07370348387096774,0.3450725806451613,0.08838870967741935
2023-04,4.83,302.858,3.4,256.908,583874.0,101.253,1354.0,20729.8,119.36524,1997.9066609700521,25.0310998916626,79.2369997660319,4124.094677734375,33716.18893229167,12098.284993489584,14876.966666666667,28837.313333333335,1915.974,324.07666666666665,22.218666666666664,0.08459366666666666,0.4035766666666667,0.10154333333333333
2023-05,5.06,303.316,3.6,253.67,586286.0,100.9286,1584.0,20801.1,119.8155935483871,1990.6064492502521,24.248354942567886,71.59774189610636,4152.799387285786,33324.287991431454,12487.317540322581,14824.012915826614,27485.42258064516,1844.5838709677419,313.3709677419355,20.78290322580645,0.07386935483870968,0.37265161290322585,0.0897258064516129
2023-06,5.08,304.099,3.6,253.86,588670.0,100.1196,1421.0,20782.7,119.53337666666667,1943.9099975585937,23.466566594441733,70.4413330078125,4344.690641276042,33921.19375,13459.763639322917,14924.45,27762.857,1817.9296666666667,252.52,17.322333333333333,0.06544066666666666,0.2972033333333333,0.08811666666666666
2023-07,5.12,304.615,3.5,253.835,589257.0,100.9067,1460.0,20772.0,118.51046774193549,1948.4258009387602,24.094322573754095,75.6651611328125,4502.056105090725,34730.3050655242,14009.748645413307,15052.683845766129,30057.37935483871,1892.8112903225806,241.68387096774194,23.43064516129032,0.07082064516129033,0.3049290322580645,0.1302774193548387
2023-08,5.33,306.138,3.7,257.68,595191.0,100.8393,1317.0,20746.9,120.21509032258065,1916.2322525516634,23.429967695666896,81.43741976830268,4450.1370495211695,34859.4921875,13708.54646547379,15252.587103074597,27865.883870967744,1758.0174193548387,229.70967741935485,22.453548387096777,0.06908032258064517,0.27906129032258065,0.13064516129032258
2023-09,5.33,307.374,3.8,258.934,598956.0,101.0211,1371.0,20720.4,121.89986666666667,1915.0233357747395,23.212733523050943,89.089000193278,4415.766666666666,34357.19283854167,13613.162662760416,15360.37666015625,26307.846333333335,1621.5503333333334,213.27,19.392666666666667,0.06212233333333333,0.2505,0.11879333333333333
2023-10,5.33,307.653,3.9,255.192,595517.0,100.4689,1368.0,20687.3,123.76182580645161,1917.6774114793348,22.387387121877364,85.82580689461001,4263.564216859879,33283.28440020161,13178.62931577621,15739.196793094758,29744.027741935482,1659.4106451612904,215.21290322580646,26.37290322580645,0.06260709677419354,0.2635516129032258,0.1101516129032258
2023-11,5.33,308.087,3.7,252.856,593567.0,100.8639,1514.0,20696.7,121.55443333333332,1983.3333251953125,23.49070014953613,77.34100036621093,4463.727652994791,34714.376171875,13924.9224609375,15577.746647135416,36580.323333333334,1988.547,239.7133333333333,52.86,0.07616266666666666,0.36673333333333336,0.12098666666666666
2023-12,5.33,308.735,3.8,249.866,594256.0,100.6031,1521.0,20701.3,120.05493548387096,2035.8193556262602,23.984839162518902,72.25516140845514,4688.418047505041,36970.72895665323,14705.062184979839,15465.961315524193,42545.947419354845,2261.2287096774194,259.6225806451613,82.47064516129032,0.0932016129032258,0.560258064516129,0.12591290322580645
2024-01,5.33,309.794,3.7,251.306,588944.0,99.2223,1381.0,20773.1,120.45170967741936,2031.0580542779737,22.917096784037927,73.91064526957851,4802.312358240927,37754.52293346774,15071.599388860886,15603.619298135081,42917.58741935484,2375.5829032258066,307.5516129032258,96.02870967741936,0.08144258064516129,0.5236483870967742,0.11745161290322581
2024-02,5.33,311.022,3.9,254.926,593206.0,100.285,1552.0,20861.1,121.40903448275863,2025.337924299569,22.756448153791755,76.5858619953024,5013.930243130388,38731.365975215514,15818.569403286638,15657.7275390625,49862.50310344828,2746.2144827586208,345.7758620689655,106.68758620689655,0.08573827586206897,0.5701620689655172,0.11404137931034483
2024-03,5.33,312.107,3.9,255.095,595969.0,100.4575,1312.0,20900.9,121.06018387096773,2162.9483839465724,24.50787119711599,80.5454837429908,5174.147744455645,39146.25768649193,16225.431357106854,15703.13224546371,67676.01677419354,3627.701935483871,532.2870967741936,166.94258064516129,0.1685290322580645,0.6900096774193548,0.1377225806451613
2024-04,5.33,313.016,3.9,256.978,595676.0,100.2434,1385.0,20928.9,122.56173,2338.239982096354,27.610433197021486,84.52633387247721,5108.824007161458,38368.4484375,15939.5345703125,16079.483333333334,65887.389,3245.8483333333334,579.2833333333333,156.65366666666665,0.16721266666666665,0.5148166666666667,0.11885333333333332
2024-05,5.33,313.14,4.0,255.313,600372.0,100.863,1316.0,20989.4,122.20992903225806,2349.8838599420365,29.330774368778354,78.57064573226437,5238.600066154234,39175.47026209677,16546.054403981856,16066.954826108871,65282.13419354839,3308.4567741935484,588.5516129032258,158.63709677419354,0.1548016129032258,0.45930967741935486,0.10839032258064517
2024-06,5.33,313.131,4.1,255.914,599979.0,100.894,1327.0,21053.0,124.01384,2324.436629231771,29.59636656443278,78.7773333231608,5411.236653645833,38889.76848958333,17474.738411458333,16339.44345703125,65949.683,3569.1853333333333,612.35,149.11499999999998,0.13711366666666666,0.41442666666666667,0.09688999999999999
2024-07,5.33,313.566,4.2,257.321,605814.0,99.9757,1265.0,21084.2,123.68397096774193,2392.5548450100805,29.77258054671749,80.63838737241683,5537.625834803427,40055.09601814516,17969.443863407258,16249.951612903225,62795.732903225806,3271.5987096774193,557.6129032258065,158.53225806451613,0.1207625806451613,0.4067483870967742,0.09766129032258064
2024-08,5.33,314.131,4.2,255.463,603601.0,100.4309,1391.0,21171.0,122.85946774193549,2467.835480720766,28.52361279149209,75.37967755717617,5481.557443926411,40340.00894657258,17279.918567288307,15802.738659274193,59929.234193548386,2642.068387096774,532.5419354838709,146.59709677419355,0.1039667741935484,0.35009999999999997,0.0964741935483871
2024-09,5.13,314.851,4.1,252.682,608907.0,99.8084,1357.0,21257.5,122.1003,2570.7666585286456,30.045000012715658,69.57966639200846,5622.4109375,41505.83046875,17609.909440104166,15325.226627604166,60341.07,2466.2636666666667,550.2633333333334,139.61033333333336,0.10541266666666665,0.35272333333333333,0.09463666666666667
2024-10,4.83,315.564,4.1,253.081,612570.0,99.4695,1352.0,21308.1,123.76955483870968,2689.0580660912296,32.45809696566674,71.86451524303806,5796.810609879032,42534.85080645161,18330.81306703629,15570.693548387097,65582.22,2518.032580645161,579.167741935484,156.59225806451613,0.1280109677419355,0.34913225806451614,0.09334516129032258
2024-11,4.64,316.449,4.2,253.211,616833.0,99.2925,1295.0,21407.9,126.50123,2656.5533365885417,31.12056655883789,69.4619992574056,5925.267985026042,43717.88684895833,18930.8767578125,15801.510026041668,86532.62133333334,3114.184333333333,615.2566666666667,216.78133333333332,0.3240763333333333,0.6924733333333334,0.24592333333333333
2024-12,4.48,317.603,4.1,253.423,622396.0,100.3273,1514.0,21424.5,127.81016451612903,2641.0709661668348,30.49645190085134,69.64032228531376,6012.503197454637,43663.895791330644,19736.67471018145,15957.738659274193,98275.16129032258,3643.7561290322583,700.4183870967743,211.2341935483871,0.37546032258064516,1.0235483870967743,0.41866129032258065
2025-01,4.33,319.086,4.0,257.36,615973.0,100.0647,1358.0,21492.4,129.13545483870968,2719.5354948966733,30.746999986710087,75.2516127555601,5971.6668346774195,43365.14616935484,19563.108681955644,16234.406376008064,99994.74774193548,3329.4967741935484,693.4822580645161,221.18322580645162,0.35392741935483873,0.9964645161290322,0.43309032258064517
2025-02,4.33,319.775,4.1,259.498,616714.0,101.0993,1490.0,21564.6,128.01921785714285,2890.3857421875,32.550678321293425,71.18035697937012,6044.224958147322,44220.259765625,19601.0126953125,16299.739188058036,95275.03892857142,2668.118571428571,631.1560714285714,182.06392857142856,0.25017357142857144,0.7491392857142857,0.32892499999999997
2025-03,4.33,319.615,4.2,258.525,625121.0,101.0404,1355.0,21636.7,126.57542903225806,2980.516129032258,33.42812938074912,68.0635491648028,5696.384860131048,42172.09173387097,17877.348979334678,16427.503150201614,85075.48774193549,2017.3806451612904,603.5609677419354,134.26193548387096,0.18107935483870968,0.7573935483870967,0.28036774193548386
2025-04,4.33,320.321,4.2,258.392,623521.0,101.1279,1398.0,21770.5,124.39861666666667,3213.1166422526044,32.0160327911377,62.97566668192545,5351.093684895834,39737.05716145833,16616.579524739584,16794.440104166668,86482.84266666666,1686.633,590.827,131.64066666666668,0.16478566666666666,0.6479466666666667,0.2536333333333333
2025-05,4.33,320.58,4.2,258.678,618037.0,100.9773,1282.0,21827.4,122.64487096774194,3283.0258001512098,32.69780651215584,60.92322601810579,5805.141239289314,41828.11378528226,18614.5372983871,16453.274382560485,103633.46096774194,2378.312903225806,646.484193548387,166.00709677419357,0.21212935483870968,0.7461774193548387,0.28616129032258064
2025-06,4.33,321.5,4.1,260.482,624146.0,101.428,1382.0,21942.4,121.00545333333334,3349.629988606771,35.94366671244303,67.94900016784668,6024.268994140625,42715.79973958333,19648.045442708335,16225.97333984375,105759.512,2513.7156666666665,649.4623333333333,149.21433333333334,0.175098,0.6232933333333333,0.25497
2025-07,4.33,322.132,4.2,262.363,628747.0,101.591,1429.0,22028.8,120.43902580645162,3342.3419386340724,37.756258195446385,67.12096700360698,6298.4313098538305,44539.069430443546,20782.25837953629,16275.893617691532,115324.51322580646,3228.4625806451613,723.4664516129031,169.79709677419356,0.20952,0.7293451612903226,0.37936129032258065
2025-08,4.33,323.364,4.3,262.104,632082.0,101.33,1307.0,22108.4,120.9528064516129,3379.6580456149195,38.25258045811807,64.12129076065555,6406.348333543347,44768.89402721774,21367.928112399193,16303.767767137097,114870.9835483871,4252.887741935484,826.8022580645161,186.26774193548388,0.2207283870967742,0.8364645161290322,0.4075774193548387
2025-09,4.22,324.368,4.4,262.344,632541.0,101.4279,,22212.5,120.47800666666667,3674.026652018229,42.77529996236165,63.47133305867513,6582.411328125,45907.010026041666,22177.665885416667,16517.0064453125,113165.06666666667,4340.2953333333335,939.1623333333333,219.824,0.24496966666666667,0.84827,0.37456
2025-10,4.09,,,,,,,22298.1,121.17068709677419,4043.5677214591733,48.363451311665195,59.97548417122133,6721.577699722782,46632.05443548387,22929.401650705644,16557.080046622985,114074.22032258064,4106.7519354838705,1147.4925806451613,201.7274193548387,0.21232225806451613,0.7082290322580646,0.3418548387096774
2025-11,3.88,,,,,,,,121.76489666666666,4081.7933024088543,50.59383316040039,59.45400021870931,6746.66064453125,47068.56002604167,23040.041341145832,16644.093294270835,96392.49933333333,3205.8406666666665,929.1906666666667,147.75666666666666,0.16113966666666668,0.49487333333333333,0.26498666666666665
2025-12,,,,,,,,,121.15093333333334,4205.566623263889,57.999222649468315,59.39777840508355,6850.339952256944,47760.13715277778,23497.223741319445,16641.90017361111,90693.81555555556,3067.06,888.9544444444444,135.39666666666665,0.1428888888888889,0.42785555555555554,0.24513333333333331
