,GDP_AS,Indeks_Dolar,Suku_Bunga_AS,Inflasi_AS,Pengangguran_AS,PPI_AS,Retail_Sales,Industrial_Production,Housing_Starts,Money_Supply_M2,Emas_USD,Perak_USD,Minyak_WTI,SP500,Dow_Jones,Nasdaq,USD_IDR,Bitcoin,Ethereum,BNB,Solana,Dogecoin,Cardano,Stellar_Lumens
2018Q1,20328.553,108.01238777777779,1.4466666666666665,249.3216666666667,4.033333333333333,198.83333333333334,424598.6666666667,101.79256666666667,1298.0,13925.9,1329.2233330620659,16.687466600206164,62.95611118740506,2733.5754503038193,25128.628602430555,7250.777029079861,13567.355555555556,,,,,,,
2018Q2,20580.912,110.60882637362639,1.7366666666666666,250.679,3.9333333333333336,202.5666666666667,429415.6666666667,102.97776666666665,1275.0,14050.933333333334,1305.9923082288806,16.50385724581205,67.8528564788483,2703.624938294128,24562.725983001375,7356.511391440591,13957.961538461539,,,,,,,
2018Q3,20798.73,113.64946630434781,1.9233333333333331,251.68633333333332,3.766666666666667,203.76666666666665,431846.3333333333,103.83256666666666,1248.6666666666667,14188.866666666667,1211.493479853091,14.960793484812198,69.59695699940558,2848.5013082753057,25584.575343919838,7872.853929602582,14604.078231148098,,,,,,,
2018Q4,20917.867,115.72795543478261,2.22,252.711,3.8333333333333335,202.63333333333333,434479.3333333333,104.0491,1165.6666666666667,14294.633333333333,1228.8630490510361,14.512097783710646,58.82271725198497,2689.4428312882133,24868.105723505436,7183.0037204908285,14826.881517493206,,,,,,,
2019Q1,21111.6,114.56816222222221,2.4033333333333333,253.38566666666665,3.8666666666666667,199.70000000000002,433212.0,103.0383,1179.3333333333333,14484.133333333333,1301.7533365885417,15.509911060333252,54.871110916137695,2720.3981011284723,25148.217230902777,7339.364214409722,14147.243348524305,,,,,,,
2019Q2,21397.938,115.43705494505495,2.3966666666666665,255.24733333333333,3.6333333333333333,201.36666666666667,440788.3333333333,102.36783333333334,1269.3333333333333,14659.066666666666,1308.4549386160713,14.84603294959435,59.86164843381106,2883.9815257984205,26110.49905563187,7879.1917389251375,14265.357142857143,,,,,,,
2019Q3,21717.171,116.47847173913043,2.19,256.08933333333334,3.6,199.4333333333333,446126.0,102.2905,1308.6666666666667,14939.466666666667,1473.1597767705503,16.91605455979057,56.3348911119544,2958.0753279976225,26681.882133152172,8065.629681131114,14157.71193529212,8459.47,176.245,16.172875,,,0.038450000000000005,0.058513333333333334
2019Q4,21933.217,116.39040108695653,1.6433333333333333,257.888,3.6,198.86666666666667,448103.3333333333,101.68853333333334,1408.6666666666667,15263.633333333333,1481.8173854662025,17.279728495556377,57.01750021395476,3088.5953130307403,27584.060886548912,8464.668918775476,14050.762090268343,7981.259673913044,162.66641304347826,16.850272826086954,,0.0023421338235294115,0.038952608695652174,0.059971739130434784
2020Q1,21751.238,117.62861758241759,1.26,258.81766666666664,3.8333333333333335,196.36666666666667,438900.0,99.93836666666668,1465.3333333333333,15625.433333333334,1579.8505483774038,16.851835282294306,46.34648356594882,3067.7506573016826,26673.568273523353,8796.757125686812,14208.798452524039,8265.394065934066,183.97824175824175,17.316521978021978,,0.002290468131868132,0.04485857142857143,0.05604021978021978
2020Q2,19958.291,121.88161538461539,0.06,256.292,13.0,188.4333333333333,424684.3333333333,87.3719,1080.3333333333333,17666.3,1717.594505226219,16.57038466484992,28.420219788184532,2926.956043956044,24528.687628777472,9067.65798849588,14973.53629378434,8656.037582417583,204.8610989010989,16.100914285714286,,0.002349820879120879,0.057614725274725276,0.06484626373626375
2020Q3,21704.437,117.39182934782609,0.09333333333333334,259.22166666666664,8.799999999999999,194.26666666666665,476090.3333333333,95.64913333333334,1465.0,18419.399999999998,1907.6891267195992,24.402130479397982,40.87239141049592,3316.410113790761,27273.942276664402,10907.978239639946,14635.622834578804,10622.772934782608,342.69467391304346,21.884464130434782,2.9846307692307694,0.0031298652173913045,0.11693347826086957,0.09044641304347827
2020Q4,22087.16,113.8909402173913,0.09000000000000001,261.0916666666667,6.766666666666667,198.4333333333333,481597.0,97.39466666666665,1566.6666666666667,18954.333333333332,1875.8749973462975,24.521913155265477,42.664456367492676,3554.7965140964675,29093.497197690216,11955.772089419157,14337.330375339674,16842.57293478261,495.1134782608696,29.926719565217393,1.9155641304347826,0.0031481771739130435,0.12708467391304348,0.11735978260869566
2021Q1,22680.693,112.30319,0.08,263.6863333333333,6.233333333333333,210.13333333333333,510005.3333333333,97.62756666666667,1576.6666666666667,19593.066666666666,1793.4500027126737,26.191100056966146,57.82388903299967,3861.1285698784723,31494.218728298612,13345.013812934028,14124.90263671875,45246.35055555555,1539.6494444444445,153.11824555555555,9.248137777777778,0.04070696,0.7786645555555555,0.36421466666666663
2021Q2,23425.91,111.84058461538463,0.07,268.5796666666667,5.933333333333334,223.9,539646.6666666666,99.26356666666668,1578.0,20354.966666666667,1813.7747319818852,26.732725373991244,66.02714362511269,4182.03518307864,34123.0287603022,13844.591979309753,14429.334048763736,46436.84978021978,2594.4510989010987,441.55739340659346,35.68459340659341,0.3123752153846154,1.4648047252747254,0.4574876923076923
2021Q3,23982.379,113.26788478260869,0.09000000000000001,272.8863333333333,5.066666666666666,233.64766666666665,532576.0,99.71783333333333,1589.3333333333333,20806.066666666666,1789.6206452742867,24.35194560755854,70.63217399431312,4424.5399912958555,34943.001188858696,14852.873906674593,14411.304379670517,41969.92315217391,2849.330108695652,375.38989021739127,80.02167282608696,0.24052186195652175,1.9370442391304348,0.3047620652173913
2021Q4,24813.6,114.98513913043477,0.08,278.71933333333334,4.2,241.6966666666667,547906.6666666666,100.54136666666666,1668.6666666666667,21309.933333333334,1795.9967319654381,23.361750022224758,76.8938044672427,4600.4560812245245,35501.864470108696,15387.117686396059,14269.006538722826,55901.19923913044,4097.777499999999,538.9539782608696,193.48778804347825,0.22249618586956524,1.7994283695652176,0.33035152173913046
2022Q1,25250.347,115.47144555555555,0.12,284.8446666666666,3.8333333333333335,253.04233333333332,566173.0,100.79423333333334,1716.3333333333333,21664.466666666664,1876.1166598849827,24.066733190748426,94.53988859388564,4466.961783854166,34703.844835069445,14013.477322048611,14345.616688368056,41275.137444444445,2934.135333333333,411.74922,107.68303222222222,0.14091071222222223,1.0615363333333332,0.21493833333333331
2022Q2,25861.292,118.93383736263736,0.77,291.651,3.6333333333333333,272.9373333333333,582114.3333333334,101.26383333333332,1634.0,21694.533333333336,1873.5362682971327,22.677230793041186,108.71428537892771,4110.368461860406,32706.22636933379,12217.238689045329,14544.072512448489,32491.355164835164,2221.2535164835167,329.970632967033,67.66994395604395,0.10281707142857144,0.6956593406593407,0.15598483516483516
2022Q3,26336.304,123.40764782608696,2.19,295.50766666666664,3.533333333333333,269.906,579969.6666666666,101.20369999999998,1466.6666666666667,21589.766666666666,1727.747826617697,19.118499921715777,91.95728243952212,3982.5104423191237,31802.112623131794,11890.111731487772,14918.520603345789,21240.70304347826,1514.2166304347825,276.52537282608694,36.64091847826087,0.06583203152173912,0.4798545652173913,0.11224304347826086
2022Q4,26770.514,124.84581086956521,3.653333333333333,298.49833333333333,3.5666666666666664,262.03833333333336,576827.0,100.65816666666667,1389.0,21333.833333333332,1730.077177628227,21.25410851188328,82.5144566245701,3850.2894711701765,32469.414890455162,10867.93798828125,15536.922840947691,18068.39804347826,1300.6339130434783,280.9233380434783,20.777846739130435,0.08275635652173913,0.3401640217391304,0.09648076086956521
2023Q1,27216.445,120.3686911111111,4.516666666666667,301.19166666666666,3.533333333333333,258.6526666666667,585647.0,100.72236666666667,1379.0,21088.600000000002,1888.3633341471354,22.534866714477538,76.14911109076606,3997.530238172743,33247.025347222225,11453.880240885417,15229.04111328125,22855.879777777776,1586.5161111111113,302.95350666666667,21.13410222222222,0.08032626888888889,0.35364466666666666,0.08741288888888889
2023Q2,27530.055,119.57408681318682,4.989999999999999,303.4243333333333,3.533333333333333,254.81266666666667,586276.6666666666,100.76706666666666,1453.0,20771.2,1977.6186778309582,24.248670305524552,73.73494485708383,4206.597149188702,33650.26822201236,12679.651678399725,14874.581322973901,28022.56274725275,1859.3319780219779,296.83956043956044,20.115384615384617,0.07462615384615384,0.3579736263736264,0.09309120879120879
2023Q3,28074.846,120.19009021739132,5.260000000000001,306.0423333333333,3.6666666666666665,256.8163333333334,594468.0,100.92236666666668,1382.6666666666667,20746.433333333334,1926.6858666461446,23.58298917438673,81.98750014927076,4456.4237803583555,34652.16847826087,13778.935090438179,15220.377165421196,28096.266847826086,1758.9369565217391,228.3836956521739,21.78467391304348,0.06739782608695652,0.27846413043478263,0.12665652173913045
2023Q4,28424.722,121.79296304347827,5.33,308.15833333333336,3.8000000000000003,252.638,594446.6666666666,100.6453,1467.6666666666667,20695.100000000002,1978.8956471318784,23.285434992417045,78.48630465631899,4471.9921715777855,34992.453252377716,13936.327286430027,15594.481530230978,36286.94489130435,1969.5242391304348,238.16630434782607,53.9125,0.07733641304347827,0.397175,0.11899565217391304
2024Q1,28708.161,120.96407362637363,5.33,310.97433333333333,3.8333333333333335,253.77566666666667,592706.3333333334,99.98826666666666,1415.0,20845.033333333333,2074.164828457675,23.407813229403654,77.02340656322437,4996.4202223557695,38539.932005494506,15702.708415607829,15654.762598729396,53564.99252747253,2920.2423076923073,396.2912087912088,123.58296703296702,0.11247835164835165,0.595143956043956,0.12327032967032968
2024Q2,29147.044,122.9206032967033,5.33,313.09566666666666,4.0,256.0683333333333,598675.6666666666,100.66680000000001,1342.6666666666667,20990.433333333334,2337.656021956559,28.851186794239087,80.6021981710916,5252.729910714285,38815.2317135989,16652.26237336882,16160.916520003435,65701.73978021978,3373.771098901099,593.3417582417583,154.84406593406592,0.15306197802197802,0.4628120879120879,0.10804835164835165
2024Q3,29511.664,122.88973478260868,5.263333333333333,314.18266666666665,4.166666666666667,255.15533333333335,606107.3333333334,100.07166666666667,1337.6666666666667,21170.899999999998,2476.0336940599523,29.44056515071703,75.26032613671345,5546.380540930707,40624.16486922554,17619.86433211617,15797.719535495924,61029.41391304348,2796.865108695652,546.7684782608695,148.3404347826087,0.11009771739130435,0.37004347826086953,0.096275
2024Q4,29825.182,126.02182826086957,4.6499999999999995,316.53866666666664,4.133333333333333,253.23833333333334,617266.3333333334,99.69643333333333,1387.0,21380.166666666668,2662.2891314962635,31.36095664812171,70.3316297945769,5911.37790845788,43301.0625,19000.200259001358,15776.377165421196,83429.97239130434,3091.7497826086956,631.7920652173914,194.63108695652176,0.275325,0.6883402173913044,0.2527163043478261
2025Q1,30042.113,127.90639444444443,4.33,319.492,4.1000000000000005,258.461,619269.3333333334,100.7348,1401.0,21564.566666666666,2862.582234700521,32.23164448208279,71.50911127726236,5899.421126302083,43220.24053819444,18994.250477430556,16321.243250868056,93387.53766666667,2671.7835555555553,643.119,179.07322222222223,0.2621118888888889,0.8371722222222222,0.3480788888888889
2025Q2,30485.729,122.68256153846154,4.33,320.80033333333336,4.166666666666667,259.184,621901.3333333334,101.17773333333332,1354.0,21846.766666666666,3281.936249785371,33.543109747079704,63.91604408851037,5727.695151528159,41431.398179945056,18296.586871136675,16490.812188787775,98680.30692307692,2194.9248351648353,629.1174725274725,149.14142857142858,0.1843134065934066,0.6732824175824176,0.2651549450549451
2025Q3,,120.62485869565216,4.293333333333333,323.288,4.3,262.2703333333333,631123.3333333334,101.44963333333332,1368.0,22116.566666666666,3463.0739029594088,39.56014127316682,64.92010850491731,6427.396834663723,45062.577912703804,21434.627802309784,16363.909742272419,114467.52608695652,3936.2034782608694,828.6217391304348,191.66010869565216,0.22485641304347825,0.8042195652173914,0.38730326086956524
2025Q4,,121.42280857142858,3.985,,,,,,,22298.1,4080.7785435267856,50.5582141331264,59.677714593069894,6748.882679966518,46964.16746651786,23049.824358258928,16605.276883370534,103490.28785714286,3586.9724285714287,1020.6940000000001,170.06885714285713,0.18145971428571428,0.5807428571428571,0.2964757142857143
